{
    "class_prior": [
        0.4,
        0.6
    ],
    "classes": [
        false,
        true
    ],
    "sigma": [
        [
            65.14972233484482,
            10.965555668178181,
            7.032222334844851
        ],
        [
            92.23654332249917,
            11.128889001511508,
            9.862839618795457
        ]
    ],
    "theta": [
        [
            28.316666666666666,
            0.03333333333333333,
            12.966666666666667
        ],
        [
            16.91111111111111,
            -0.4,
            17.322222222222223
        ]
    ]
}